"<span class=""a-size-large product-title-word-break"" id=""productTitle"">        Funny Got Data MIS Data Systems Business Analyst T-Shirt       </span>","<span class=""a-price-whole"">12<span class=""a-price-decimal"">.</span></span>",2024-07-18
,,2024-07-18
,,2024-07-18
,,2024-07-18
,,2024-07-18
,,2024-07-18
,,2024-07-18
"<span class=""a-size-large product-title-word-break"" id=""productTitle"">        Funny Got Data MIS Data Systems Business Analyst T-Shirt       </span>","<span class=""a-price-whole"">12<span class=""a-price-decimal"">.</span></span>",2024-07-18
,,2024-07-18
,,2024-07-18
,,2024-07-18
,,2024-07-18
,,2024-07-18
"<span class=""a-size-large product-title-word-break"" id=""productTitle"">        Funny Got Data MIS Data Systems Business Analyst T-Shirt       </span>","<span class=""a-price-whole"">14<span class=""a-price-decimal"">.</span></span>",2024-07-18
,,2024-07-18
,,2024-07-18
"<span class=""a-size-large product-title-word-break"" id=""productTitle"">        Funny Got Data MIS Data Systems Business Analyst T-Shirt       </span>","<span class=""a-price-whole"">12<span class=""a-price-decimal"">.</span></span>",2024-07-18
,,2024-07-18
,,2024-07-18
"<span class=""a-size-large product-title-word-break"" id=""productTitle"">        Funny Got Data MIS Data Systems Business Analyst T-Shirt       </span>","<span class=""a-price-whole"">12<span class=""a-price-decimal"">.</span></span>",2024-07-18
,,2024-07-18
,,2024-07-18
